{"cameraMode":{"drawMode":0,"name":"Shaded","section":"Shading Mode"},"sceneLighting":true,"audioPlay":false,"sceneViewState":{"showFog":true,"showMaterialUpdate":false,"showSkybox":true,"showFlares":true,"showImageEffects":true,"showParticleSystems":true},"in2DMode":false,"pivot":{"x":5.309910774230957,"y":-11.265332221984864,"z":-9.86284065246582},"rotation":{"x":-0.4992311894893646,"y":-0.11956597119569779,"z":0.06981811672449112,"w":-0.8553734421730042},"size":17.319427490234376,"orthographic":false}